id,classification,label,kind,tolerance,baseline_successes,baseline_wall_median,baseline_cpu_median,baseline_peak_rss_median,baseline_certificate_bytes_median,baseline_metric,baseline_route,C1_successes,C1_wall_median,C1_cpu_median,C1_peak_rss_median,C1_certificate_bytes_median,C1_metric,C1_route,C2_successes,C2_wall_median,C2_cpu_median,C2_peak_rss_median,C2_certificate_bytes_median,C2_metric,C2_route
E01,new_public,弱阶跃，完整空间,spectrum,1/1000000,3,0.4047773340716958,0.389889,35979264,6693,1.04142976061259e-14,baseline_reference,3,0.4202311660628766,0.39902699999999997,36044800,6693,1.04142976061259e-14,baseline_fallback,3,0.3729967090766877,0.36556299999999997,36175872,6098,3.5803465488978117e-09,native_c2
E02,new_public,弱阶跃，平均零空间,spectrum,1/1000000,3,0.4447706670034677,0.430984,36110336,8635,3.819308248224538e-14,baseline_reference,3,0.43909783312119544,0.43419599999999997,36061184,8635,3.819308248224538e-14,baseline_fallback,3,0.3887135840486735,0.382052,36159488,8005,6.795951356227946e-09,native_c2
E03,new_public,偏移阶跃高精度，完整空间,spectrum,1/100000000,3,0.38889950001612306,0.379886,36028416,6762,1.9702107188121404e-13,baseline_reference,3,0.3863426249008626,0.37700199999999995,36044800,6762,1.9702107188121404e-13,baseline_fallback,3,0.4248169169295579,0.41799,36143104,6479,1.2357477767691734e-10,native_c2
E04,new_public,偏移阶跃高精度，平均零空间,spectrum,1/100000000,3,0.49827233306132257,0.48715899999999995,35995648,8801,6.224107310746662e-13,baseline_reference,3,0.4861356660258025,0.480371,36061184,8801,6.224107310746662e-13,baseline_fallback,3,0.4620092080440372,0.449004,36192256,8496,2.8938485580489534e-10,native_c2
E05,new_public,较强阶跃，完整空间,spectrum,1/1000000,3,0.4068282500375062,0.397148,35995648,6759,3.4117637452598626e-12,baseline_reference,3,0.40335708390921354,0.396654,36077568,6759,3.4117637452598626e-12,baseline_fallback,3,0.39502179087139666,0.387214,36126720,6436,2.0495843202796798e-09,native_c2
E06,new_public,较强阶跃，平均零空间,spectrum,1/1000000,3,0.4798810421489179,0.47216199999999997,35995648,8721,7.75477122852288e-12,baseline_reference,3,0.47094420809298754,0.464649,36093952,8721,7.75477122852288e-12,baseline_fallback,3,0.44416741700842977,0.43667799999999996,36143104,8434,3.5136099220840293e-09,native_c2
E07,new_public,正幅度阶跃，完整空间,spectrum,1/1000000,3,0.397844250081107,0.388029,35979264,6652,4.608443090625178e-14,baseline_reference,3,0.4035289171151817,0.39337099999999997,36028416,6652,4.608443090625178e-14,baseline_fallback,3,0.3908134999219328,0.366876,36225024,6046,1.576247355235012e-08,native_c2
E08,new_public,正幅度阶跃，平均零空间,spectrum,1/1000000,3,0.43933408381417394,0.428768,36012032,8534,1.605276618309289e-13,baseline_reference,3,0.44112266693264246,0.433998,36061184,8534,1.605276618309289e-13,baseline_fallback,3,0.4011712500359863,0.39170699999999997,36192256,7943,2.8496251476089724e-08,native_c2
E09,new_public,新指数完整空间,spectrum,1/1000000,3,1.0753552911337465,1.060714,36487168,25266,9.732277971505391e-08,baseline_reference,3,0.658067167038098,0.6509609999999999,36569088,23662,9.374974048162172e-07,native_c1,3,0.693048374960199,0.6839679999999999,36569088,23662,9.374974048162172e-07,reused_c1
E10,new_public,同题严格精度,spectrum,1/10000000000,3,1.5164606659673154,1.500929,36519936,25862,2.1653758412477842e-13,baseline_reference,3,0.8411397919990122,0.82973,36618240,23976,9.374726507982963e-11,native_c1,3,0.860610333038494,0.851992,36667392,23976,9.374726507982963e-11,reused_c1
E11,new_public,新指数平均零空间,spectrum,1/100000000,3,2.299009915906936,2.277108,36864000,41564,1.7704617598367754e-11,baseline_reference,3,1.2810484170913696,1.256468,36995072,39065,9.374326876173774e-09,native_c1,3,1.239249625010416,1.211514,36995072,39065,9.374326876173774e-09,reused_c1
E12,new_public,中等奇异性完整空间,spectrum,1/100000000,3,1.4355438749771565,1.418741,36601856,25140,6.424393334448863e-13,baseline_reference,3,0.8492980420123786,0.83837,36667392,22789,9.348128303182045e-09,native_c1,3,0.864898124942556,0.8512029999999999,36651008,22789,9.348128303182045e-09,reused_c1
E13,new_public,中等奇异性，正偏移,spectrum,1/100000000,3,2.3817842910066247,2.344309,36814848,40124,1.5488935558315477e-10,baseline_reference,3,1.2271922079380602,1.2168080000000001,36896768,36894,9.374999769588211e-09,native_c1,3,1.3044742080383003,1.2894539999999999,36929536,36894,9.374999769588211e-09,reused_c1
E14,new_public,接近残差可积边界，完整空间,spectrum,1/1000000,3,2.4042196669615805,2.380132,37027840,64949,4.0143509410269985e-07,baseline_reference,3,2.4725652078632265,2.456375,37142528,64949,4.0143509410269985e-07,baseline_fallback,3,2.6263663340359926,2.598275,37289984,58971,5.748162593845748e-07,native_c2
E15,new_public,接近残差可积边界，平均零空间,spectrum,1/1000000,3,6.25627616699785,6.214353,38043648,109081,4.909311012227748e-10,baseline_reference,3,2.7432599160820246,2.7114000000000003,38158336,117806,9.37292690600482e-07,native_c1,3,2.7636827919632196,2.742016,38191104,117806,9.37292690600482e-07,reused_c1
E16,new_public,较强吸引势,spectrum,1/1000000,3,2.9124795829411596,2.886348,37109760,56718,5.041567169342198e-12,baseline_reference,3,2.9053399169351906,2.88205,37142528,56718,5.041567169342198e-12,baseline_fallback,3,3.5477619578596205,3.516356,37208064,50925,1.766851795677802e-11,native_c2
E17,new_public,大幅度吸引势,spectrum,1/1000000,3,2.8792856668587774,2.864766,37076992,59835,5.3923688520815525e-12,baseline_reference,3,3.09074916690588,3.06251,37224448,59835,5.3923688520815525e-12,baseline_fallback,3,3.2989037910010666,3.2635370000000004,37208064,55427,1.7351979181154724e-11,native_c2
E18,new_public,正幅度平均零空间,spectrum,1/1000000,0,2.7637830830644816,2.7484029999999997,37027840,38575,3.862442531949574e-06,baseline_reference,0,3.3241516249254346,3.2776650000000003,37158912,38575,3.862442531949574e-06,baseline_fallback,0,3.580676916986704,3.527322,37208064,38575,3.862442531949574e-06,baseline_fallback
E19,old_failure_regression,旧 S09：四路线均失败,spectrum,1/100000000,0,5.669720832956955,5.617954,37814272,0,,baseline_reference,0,5.50890454207547,5.433614,37978112,0,,baseline_fallback,3,6.681111959042028,6.60665,38092800,88512,1.3624695068470926e-09,native_c2
E20,old_failure_regression,旧 S06 结构：精度由1e-6提高到1e-8,spectrum,1/100000000,3,3.1358967090491205,3.082093,37142528,67168,4.891933358131776e-13,baseline_reference,3,3.1264548329636455,3.0793850000000003,37191680,67168,4.891933358131776e-13,baseline_fallback,3,3.4400899158790708,3.412284,37355520,60951,2.3206050196777005e-11,native_c2
E21,new_public,新逼近题，预计沿用基线,approximation,1/1000000,3,0.14286379097029567,0.136963,33095680,8248,5.761569035200864e-07,baseline_reference,3,0.1403682918753475,0.135938,33210368,8248,5.761569035200864e-07,baseline_fallback,3,0.1448217500001192,0.139353,33226752,8248,5.761569035200864e-07,baseline_fallback
E22,new_public,新逼近题，更严格误差,approximation,1/100000000,3,0.14560704212635756,0.140678,33062912,17118,5.923421753095681e-09,baseline_reference,3,0.16257779207080603,0.15511999999999998,33177600,17118,5.923421753095681e-09,baseline_fallback,3,0.16115000005811453,0.15291,33292288,17118,5.923421753095681e-09,baseline_fallback
E23,expected_unsupported_control,强残差平方不可积边界,spectrum,1/1000000,0,0.287559375166893,0.279835,36110336,0,,baseline_reference,0,0.30759650003165007,0.30107,36208640,0,,baseline_fallback,0,0.13022608286701143,0.12439599999999999,32751616,0,,native_c2
E24,expected_unsupported_control,完整空间正幅度：当前路线未支持,spectrum,1/1000000,0,0.2962979159783572,0.2795,36143104,0,,baseline_reference,0,0.2829473330639303,0.276223,36208640,0,,baseline_fallback,0,0.12526187486946583,0.120448,32768000,0,,native_c2
