case,dimension,kind,system,successes,runs,failure_classes,wall_median_s,wall_min_s,wall_max_s,cpu_median_s,peak_rss_median_bytes,response_median_bytes,certificate_median_bytes,metric_median,fallback_runs
S01,precision,spectrum,baseline,5,5,None,0.3524268751498312,0.3445436670444906,0.35605612490326166,0.34927199999999997,37486592,31421,23076,2.8153528077218637e-08,0
S01,precision,spectrum,A,5,5,None,0.752272583078593,0.7500058750156313,0.7619180830661207,0.747293,38043648,34465,15961,6.145381299589509e-05,0
S01,precision,spectrum,B,5,5,None,0.794588791904971,0.7826949590817094,0.796282249968499,0.7915179999999999,38060032,60231,59169,7.687520267551923e-07,0
S01,precision,spectrum,C,5,5,None,0.22064891690388322,0.2192823328077793,0.22148470906540751,0.217558,37568512,23835,20166,9.365223843917268e-05,0
S02,precision,spectrum,baseline,5,5,None,0.3536857080180198,0.3524375418201089,0.36102533410303295,0.35086999999999996,37502976,31427,23078,2.8153528077218637e-08,0
S02,precision,spectrum,A,0,5,precision_insufficient,1.819995875004679,1.8070051250979304,1.8401625419501215,1.815812,38895616,57434,27280,3.365706548563242e-05,0
S02,precision,spectrum,B,5,5,None,0.7895812089554965,0.7780322090256959,0.7947703329846263,0.786164,38027264,60242,59179,7.687520267551923e-07,0
S02,precision,spectrum,C,5,5,None,0.21705862483941019,0.21583574987016618,0.21848208387382329,0.213966,37552128,23862,20157,9.374926861241486e-07,0
S03,precision,spectrum,baseline,5,5,None,0.46637683315202594,0.4565691249445081,0.4875661248806864,0.46234699999999995,37617664,35200,23517,7.72124856914511e-14,0
S03,precision,spectrum,A,0,5,precision_insufficient,1.810072333086282,1.8023717920295894,1.8235207498073578,1.8056949999999998,38879232,57451,27286,3.365706548563242e-05,0
S03,precision,spectrum,B,5,5,None,8.004267917014658,7.9721242499072105,8.053350708913058,7.992267999999999,47464448,558849,557980,7.72124856914511e-14,0
S03,precision,spectrum,C,5,5,None,0.2834912920370698,0.27709479187615216,0.30486375000327826,0.276698,37634048,25577,20320,9.188456292098442e-09,0
S04,singularity,spectrum,baseline,5,5,None,0.3628382917959243,0.35969287483021617,0.36418558307923377,0.35908799999999996,37535744,33876,25401,5.883376339244829e-09,0
S04,singularity,spectrum,A,0,5,precision_insufficient,1.963741207960993,1.9288203329779208,1.9978829589672387,1.958912,38944768,72474,34798,5.7100401325679126e-06,0
S04,singularity,spectrum,B,5,5,None,0.8122264998964965,0.7986404169350863,0.8260197921190411,0.8080579999999999,38092800,66928,65842,2.490017851782713e-07,0
S04,singularity,spectrum,C,5,5,None,0.22227920801378787,0.21864033304154873,0.2275981658603996,0.216962,37519360,26107,22382,9.374404230970691e-07,0
S05,singularity,spectrum,baseline,5,5,None,0.3620022910181433,0.35174129204824567,0.365612167166546,0.358848,37502976,32514,24028,2.7267741454870706e-07,0
S05,singularity,spectrum,A,0,5,precision_insufficient,3.342596207978204,3.311007583979517,3.368096916936338,3.334208,42795008,207309,102227,0.0017980786526176358,0
S05,singularity,spectrum,B,5,5,None,1.518398790853098,1.4995275000110269,1.546576082939282,1.5155969999999999,38502400,98042,97147,3.3556921565495607e-13,0
S05,singularity,spectrum,C,5,5,None,0.21768262493424118,0.2152915420010686,0.22872820892371237,0.21529099999999998,37568512,25411,21659,9.374989947493895e-07,0
S06,singularity,spectrum,baseline,5,5,None,0.7996386669110507,0.7944558749441057,0.8033679169602692,0.7961949999999999,38092800,80378,66606,8.477320200127612e-07,0
S06,singularity,spectrum,A,0,5,precision_insufficient,8.88175683398731,8.851578374858946,8.965620875125751,8.870095,56770560,827809,412106,0.01001549660829575,0
S06,singularity,spectrum,B,5,5,None,5.708029167028144,5.692886249860749,5.815967374946922,5.698609,43122688,396288,395293,4.891933358131776e-13,0
S06,singularity,spectrum,C,5,5,None,0.8090983750298619,0.8069503339938819,0.8118019581306726,0.80499,38207488,81259,66606,8.477320200127612e-07,5
S07,amplitude,spectrum,baseline,5,5,None,0.35946758394129574,0.3527855828870088,0.362321832915768,0.353962,37486592,29737,21445,9.40291326191634e-10,0
S07,amplitude,spectrum,A,0,5,precision_insufficient,1.837276458973065,1.8149987501092255,1.8489461247809231,1.832225,38895616,58359,27754,1.025795678845956e-06,0
S07,amplitude,spectrum,B,5,5,None,0.7967752909753472,0.7886342080309987,0.8259169580414891,0.788262,38141952,59333,58271,3.004914055889724e-08,0
S07,amplitude,spectrum,C,5,5,None,0.22357387514784932,0.21826304192654788,0.229136792011559,0.220405,37552128,22960,19290,9.373645677753555e-07,0
S08,amplitude,spectrum,baseline,5,5,None,0.358127208892256,0.35370799992233515,0.36183312512002885,0.351267,37470208,30529,22154,3.8024024698279816e-07,0
S08,amplitude,spectrum,A,0,5,precision_insufficient,4.329126791097224,4.325584917096421,4.39415958407335,4.321991,42549248,166288,81703,0.0009027428978115313,0
S08,amplitude,spectrum,B,5,5,None,2.417992874979973,2.404256499838084,2.4408969581127167,2.410939,39452672,156466,155600,7.675073254047396e-13,0
S08,amplitude,spectrum,C,5,5,None,0.2164639588445425,0.21137337503023446,0.22542241704650223,0.21370799999999998,37535744,23324,19614,9.37499231719477e-07,0
S09,stress,spectrum,baseline,0,5,capability_failure,1.822190959006548,1.8062053329776973,1.83526641712524,1.817756,38912000,10077,0,,0
S09,stress,spectrum,A,0,5,capability_failure,0.09631487517617643,0.0948965409770608,0.09817620902322233,0.09297799999999999,37191680,2460,0,,0
S09,stress,spectrum,B,0,5,preparation_failed,1.8584416250232607,1.8413357499521226,1.873145875055343,1.854391,39026688,0,0,,0
S09,stress,spectrum,C,0,5,capability_failure,1.8154830420389771,1.8141638340894133,1.9424698748625815,1.811542,38977536,10909,0,,5
S10,space,spectrum,baseline,5,5,None,0.63880620803684,0.6280805829446763,0.652362999971956,0.635748,37797888,37813,33456,1.3945380639073792e-07,0
S10,space,spectrum,A,0,5,unsupported,0.19332420802675188,0.19288200000301003,0.1986481249332428,0.18988299999999997,37437440,10513,0,,0
S10,space,spectrum,B,0,5,unsupported,0.042810041923075914,0.04217249993234873,0.04337750002741814,0.040271999999999995,33701888,0,0,,0
S10,space,spectrum,C,5,5,None,0.37701229099184275,0.37513554212637246,0.3807661251630634,0.37410199999999993,37879808,34759,30954,9.374986691116609e-07,0
S11,space,spectrum,baseline,5,5,None,0.6404462088830769,0.6350063751451671,0.642746000085026,0.636605,37847040,38653,34290,1.3945380639073792e-07,0
S11,space,spectrum,A,0,5,precision_insufficient,4.450314624933526,4.428684541024268,4.497461625142023,4.443791,42762240,180275,88704,4.366535384162369e-05,0
S11,space,spectrum,B,0,5,unsupported,0.04360775020904839,0.04266879218630493,0.054475707933306694,0.040008999999999996,33734656,0,0,,0
S11,space,spectrum,C,5,5,None,0.37961983401328325,0.37742262496612966,0.38267779210582376,0.374662,37879808,35604,31796,9.374986691116609e-07,0
S12,shape,spectrum,baseline,5,5,None,0.1293214161414653,0.1288493750616908,0.13080045906826854,0.126251,37076992,9261,6643,1.1569526873987398e-13,0
S12,shape,spectrum,A,0,5,precision_insufficient,2.5598552499432117,2.5284902090206742,2.566840791841969,2.551849,38862848,40696,19127,1.398702040777966e-05,0
S12,shape,spectrum,B,0,5,unsupported,0.04334670794196427,0.04209254099987447,0.04544687503948808,0.040652999999999995,33701888,0,0,,0
S12,shape,spectrum,C,5,5,None,0.13077954202890396,0.12822887487709522,0.13556012487970293,0.127561,37109760,9755,6643,1.1569526873987398e-13,5
S13,shape,spectrum,baseline,5,5,None,0.14866808312945068,0.14694124995730817,0.15525795798748732,0.145802,37076992,11177,8549,3.8134778292646757e-13,0
S13,shape,spectrum,A,0,5,unsupported,0.16237062495201826,0.16023491695523262,0.1659234578255564,0.159229,37502976,8666,0,,0
S13,shape,spectrum,B,0,5,unsupported,0.04336758307181299,0.04241716698743403,0.04381574993021786,0.040411,33701888,0,0,,0
S13,shape,spectrum,C,5,5,None,0.14946970902383327,0.14773866604082286,0.15352729195728898,0.14642999999999998,37158912,11670,8549,3.8134778292646757e-13,5
S14,zero_crossing,spectrum,baseline,5,5,None,0.1137880829628557,0.11164270783774555,0.12247041705995798,0.110776,37044224,4787,3760,0.0,0
S14,zero_crossing,spectrum,A,5,5,None,0.34291225019842386,0.3417378331068903,0.3464706661179662,0.34024,37896192,19143,8595,1.8626451839254266e-08,0
S14,zero_crossing,spectrum,B,0,5,unsupported,0.04360724985599518,0.043006124906241894,0.04685554117895663,0.040859999999999994,33718272,0,0,,0
S14,zero_crossing,spectrum,C,5,5,None,0.11288204207085073,0.11209504096768796,0.12859850004315376,0.110273,37208064,5281,3760,0.0,5
S15,zero_crossing,spectrum,baseline,5,5,None,0.1307893751654774,0.13023533392697573,0.13538708304986358,0.127956,37109760,7082,6047,0.0,0
S15,zero_crossing,spectrum,A,0,5,unsupported,0.16111179091967642,0.15990875009447336,0.161904291016981,0.158055,37437440,7010,0,,0
S15,zero_crossing,spectrum,B,0,5,unsupported,0.04466958297416568,0.042943833861500025,0.04953866614960134,0.041073,33718272,0,0,,0
S15,zero_crossing,spectrum,C,5,5,None,0.13416145904920995,0.13151575019583106,0.13602787512354553,0.129961,37093376,7575,6047,0.0,5
S16,zero_crossing,spectrum,baseline,5,5,None,0.1327532920986414,0.13146970910020173,0.13447304209694266,0.129872,37093376,7094,6059,0.0,0
S16,zero_crossing,spectrum,A,5,5,None,0.33148787496611476,0.3273278339765966,0.334167875116691,0.32873099999999994,37912576,20747,9363,3.725290304501361e-09,0
S16,zero_crossing,spectrum,B,0,5,unsupported,0.044407458044588566,0.04369091708213091,0.04525770805776119,0.041042,33701888,0,0,,0
S16,zero_crossing,spectrum,C,5,5,None,0.1345790831837803,0.12945225019939244,0.13627062505111098,0.13122699999999998,37126144,7587,6059,0.0,5
S17,objective_control,approximation,baseline,5,5,None,0.04626587498933077,0.04566841712221503,0.04700900008901954,0.043116,34095104,4355,3759,6.00410864137757e-07,0
S17,objective_control,approximation,A,0,5,unsupported,0.09580191690474749,0.09465495799668133,0.09706249996088445,0.092171,37240832,1049,0,,0
S17,objective_control,approximation,B,0,5,unsupported,0.04400412505492568,0.04292683303356171,0.04684854205697775,0.040735999999999994,33701888,0,0,,0
S17,objective_control,approximation,C,5,5,None,0.0488218329846859,0.04747095890343189,0.05222466681152582,0.045189999999999994,34242560,4834,3759,6.00410864137757e-07,5
S18,objective_control,approximation,baseline,5,5,None,0.054340792121365666,0.0535797078628093,0.05601349985226989,0.051245,34095104,28438,27840,5.980187012255556e-09,0
S18,objective_control,approximation,A,0,5,unsupported,0.09569462505169213,0.09454425005242229,0.09713108418509364,0.09250299999999999,37240832,1049,0,,0
S18,objective_control,approximation,B,0,5,unsupported,0.04323045816272497,0.04257466713897884,0.045396249974146485,0.040398,33718272,0,0,,0
S18,objective_control,approximation,C,5,5,None,0.05584729090332985,0.05451045813970268,0.057427417021244764,0.05295799999999999,34308096,28917,27840,5.980187012255556e-09,5
